smiles,heavy_atoms,is_ism,qm9_mu,qm9_A,qm9_B,qm9_C,qm9_gap,qm9_u0
C,1,0,0.0,157.7118,157.70997,157.70699,0.5048,-40.47893
C#C,2,0,0.0,0.0,35.6100361,35.6100361,0.3351,-77.308427
CC,2,0,0.0,80.46225,19.90649,19.90633,0.4426,-79.764152
CC#C,3,0,0.7156,160.28041,8.59323,8.59321,0.3222,-116.609549
C(=O)N,3,0,3.7286,73.8472,11.34793,9.83639,0.2845,-169.860788
CCC,3,0,0.0597,29.45018,8.37701,7.42076,0.4179,-119.052475
COC,3,0,1.1502,39.37691,10.04033,8.90353,0.3435,-154.960361
C1CC1,3,0,0.0005,20.15852,20.15302,12.5891,0.393,-117.824798
C1CO1,3,0,1.7675,25.77385,22.12109,14.18066,0.3724,-153.742562
CC(=O)C,4,0,2.7362,10.12193,8.49011,4.89615,0.2344,-193.08834
CC(=O)N,4,0,3.6367,10.78886,9.27509,5.14977,0.2783,-209.159302
C(=O)(N)N,4,0,3.4869,11.1475,10.36388,5.42091,0.3051,-225.221461
CC(C)C,4,0,0.0897,7.75166,7.74847,4.48668,0.401,-158.342346
CC(C)O,4,0,1.4259,8.67553,8.00568,4.75542,0.3351,-194.267232
C#CC#C,4,0,0.0,0.0,4.4259726,4.4259726,0.2386,-153.459846
C(#N)C#N,4,0,0.0023,0.0,4.73269,4.73269,0.277,-185.648533
C#CC=O,4,0,2.7824,68.5171,4.8345,4.51586,0.2042,-190.624631
C(=O)C#N,4,0,2.3112,67.88408,5.00823,4.66413,0.2066,-206.721858
C(=O)C=O,4,0,0.002,56.25048,4.77441,4.40088,0.1555,-227.798785
CC#CC,4,0,0.0,80.28766,3.3688,3.3688,0.3096,-155.908941
CCC#C,4,0,0.7067,27.39459,4.53005,4.08342,0.3157,-155.897345
CCC#N,4,0,3.9233,28.0016,4.67752,4.21765,0.3553,-172.006141
C(C#N)N,4,0,4.4361,32.19893,4.76299,4.30696,0.2855,-188.042067
C#CCO,4,0,1.7211,35.11615,4.66117,4.22354,0.2872,-191.810916
C(C#N)O,4,0,4.6788,35.93172,4.83443,4.37827,0.3039,-207.916786
CCC=O,4,0,2.6741,26.14564,4.2893,4.12773,0.2295,-193.075202
CNC=O,4,0,3.7071,19.98749,6.11589,4.82584,0.2851,-209.144909
COC=O,4,0,3.92,48.62351,4.67298,4.38187,0.2888,-229.013797
C(C=O)O,4,0,1.7341,36.49282,4.31175,4.04493,0.2196,-228.992613
CCCC,4,0,0.0,23.44662,3.60588,3.38683,0.4107,-158.340943
CCCO,4,0,1.3402,26.59789,3.79186,3.53779,0.3429,-194.261089
CCOC,4,0,1.0363,28.29567,4.14901,3.88349,0.3428,-194.254127
C(CO)O,4,0,0.0075,14.79671,5.6956,4.58846,0.3179,-230.183076
CC1CC1,4,0,0.1136,15.61472,6.31363,5.54514,0.3738,-157.116735
CC1CO1,4,0,1.812,18.21931,6.63877,5.92459,0.3685,-193.039603
CN1CC1,4,0,1.1353,16.58914,7.18798,6.11415,0.3271,-173.147782
C1CC1O,4,0,1.3894,16.79477,6.71015,5.86781,0.3166,-193.034988
C1CCC1,4,0,0.0,10.66107,10.66107,6.30452,0.3938,-157.115484
C1COC1,4,0,1.7978,12.06545,11.77731,6.71997,0.3283,-193.034094
CC(=NO)C,5,0,0.6875,8.63483,4.11977,2.88825,0.2584,-248.375248
c1cc[nH]c1,5,0,1.8689,9.17136,9.04195,4.5531,0.2528,-210.101789
c1cnc[nH]1,5,0,3.6193,9.77329,9.41192,4.7946,0.2585,-226.160842
c1ccoc1,5,0,0.5571,9.50228,9.29497,4.69874,0.2445,-229.969129
c1cocn1,5,0,1.5081,10.10926,9.69372,4.94857,0.2519,-246.02915
CC(C)(C)C,5,0,0.0003,4.4178,4.41753,4.41717,0.3882,-197.632222
CC(C)(C)O,5,0,1.384,4.69474,4.66938,4.47909,0.3265,-233.560626
CC(=O)C#C,5,0,2.8579,10.21876,4.04324,2.94978,0.2079,-229.927277
CC(=O)C#N,5,0,3.3351,10.16063,4.15847,3.0056,0.2118,-246.027383
C(#N)C(=N)N,5,0,5.1815,10.68423,4.3198,3.07993,0.2301,-242.19573
C#CC(=O)N,5,0,3.7167,11.40916,4.14704,3.0415,0.2352,-245.997884
CC(=O)C=O,5,0,0.9461,9.08854,4.42607,3.03169,0.1574,-267.10335
C(=O)C(=N)N,5,0,2.7707,10.08927,4.54115,3.13487,0.192,-263.278851
C(=O)C(=O)N,5,0,5.1668,10.84211,4.27948,3.06837,0.177,-283.16874
CC(C)C#C,5,0,0.6578,7.92874,3.8272,2.82581,0.316,-195.186772
CC(C)C#N,5,0,3.9512,7.90009,3.95466,2.88643,0.3545,-211.295796
CC(N)C#N,5,0,2.7429,8.30095,3.97615,2.93764,0.2983,-227.338075
CC(O)C#C,5,0,1.3582,8.55919,3.89952,2.91869,0.3001,-231.108368
CC(O)C#N,5,0,3.269,8.55908,4.01671,2.97882,0.3166,-247.214861
CC(C)C=O,5,0,2.6921,7.66289,3.70925,2.79937,0.2281,-232.364952
CC(O)C=O,5,0,2.8354,8.31096,4.07963,2.92918,0.2271,-268.287661
CN(C)C=O,5,0,3.7163,8.9331,4.19405,2.96046,0.2751,-248.430371
CC(=O)CO,5,0,2.9514,10.13982,3.81346,2.86965,0.2437,-268.301176
CCC(=O)C,5,0,2.6168,9.55216,3.57844,2.7341,0.2351,-232.377706
CCC(=O)N,5,0,3.499,9.78802,3.78441,2.84416,0.2793,-248.448467
CC(=O)NC,5,0,3.5402,10.01185,3.84195,2.87635,0.2805,-248.443503
CNC(=O)N,5,0,3.5648,10.44045,4.04692,2.98547,0.3034,-264.504487
COC(C)=N,5,0,1.1876,9.69683,4.1533,3.01703,0.2948,-248.416462
CC(=O)OC,5,0,1.7569,10.20392,4.16834,3.07281,0.2859,-268.32127
COC(=O)N,5,0,2.329,10.68182,4.39532,3.17969,0.3244,-284.385189
C(C(=O)N)O,5,0,4.5676,10.20696,3.93135,2.9219,0.2733,-284.360325
[NH3+]CC([O-])=O,5,0,5.3004,10.14389,4.0714,3.02223,0.2735,-284.372483
CC(C)CO,5,0,1.3149,7.57282,3.5255,2.65861,0.3418,-233.551389
CC(O)CO,5,0,2.2854,6.6508,4.19317,3.39441,0.3228,-269.479234
CCC(C)C,5,0,0.0618,7.26511,3.32874,2.54491,0.3934,-197.629387
CCC(C)O,5,0,1.3894,8.11598,3.43678,2.66869,0.335,-233.555951
CC(C)OC,5,0,1.0758,7.55335,3.78323,2.80566,0.3336,-233.545899
CC1(CC1)C,5,0,0.1068,6.14183,5.17679,3.79297,0.3526,-196.409349
CC1(CO1)C,5,0,1.8235,6.49534,5.52329,3.9108,0.3505,-232.335768
CC1(CC1)O,5,0,1.3822,6.57648,5.31603,3.98453,0.327,-232.33341
N=C1CCO1,5,0,2.5732,12.18399,5.1384,3.78868,0.2907,-247.201165
C1CC(=O)C1,5,0,2.7119,10.79571,4.78732,3.54292,0.2222,-231.15578
C1CNC1=O,5,0,3.6671,12.23436,4.97895,3.70561,0.288,-247.225618
C1COC1=O,5,0,3.9339,12.44643,5.23328,3.86599,0.2878,-267.106213
C1C(=O)CN1,5,0,2.5257,11.54185,4.90368,3.63309,0.2179,-247.190194
C1C(=O)CO1,5,0,0.8477,12.18264,4.94228,3.68162,0.2295,-267.068488
CC1CCC1,5,0,0.095,9.63416,4.10254,3.28665,0.3823,-196.407957
CC1CCO1,5,0,1.6826,9.93129,4.56362,3.63704,0.3325,-232.33123
CC1COC1,5,0,1.8995,10.13697,4.32512,3.50912,0.3233,-232.325947
C1CC(C1)O,5,0,1.4604,10.09703,4.26865,3.40487,0.3361,-232.333258
C1C(CO1)O,5,0,2.4158,10.85394,4.52867,3.62328,0.3069,-268.248371
CC1CC1C,5,0,0.1023,7.14221,4.37083,3.30265,0.3573,-196.406419
CC1CC1O,5,0,1.3092,7.36997,4.78662,3.53123,0.334,-232.32907
CC1CN1C,5,0,1.2483,7.53724,4.74514,3.54049,0.313,-212.438188
CC1OC1C,5,0,1.8159,8.15202,4.38313,3.43318,0.3557,-232.334436
OC1CC1O,5,0,2.4925,7.51163,5.3853,3.80314,0.3011,-268.251114
C1C2CC1C2,5,0,0.0002,7.20812,7.20681,6.22176,0.4056,-195.158734
C1C2CC1O2,5,0,1.8725,7.76429,7.54763,6.46247,0.3346,-231.069318
C#CCC#C,5,0,0.4777,19.32586,2.84998,2.52198,0.2978,-192.736096
C#CCC#N,5,0,3.5925,20.01906,2.89728,2.57099,0.3022,-208.842347
C(C#N)C#N,5,0,3.6958,21.0592,2.92609,2.61064,0.3344,-224.94466
C#CCC=O,5,0,2.0711,24.42532,2.5579,2.40769,0.2245,-229.918003
C(C=O)C#N,5,0,2.172,26.22693,2.56863,2.42417,0.23,-246.023231
C(=N)NC=O,5,0,5.0884,11.16406,4.28269,3.09529,0.2276,-263.280728
N=COC=O,5,0,4.2338,46.2984,2.58674,2.44986,0.2636,-283.156647
C(=O)NC=O,5,0,5.2904,11.40917,4.38216,3.16609,0.2191,-283.179781
CC#CC#C,5,0,1.1881,160.02654,2.04896,2.04896,0.2335,-192.762455
CC#CC#N,5,0,5.1545,159.56146,2.07623,2.07623,0.2494,-208.863267
CC#CC=O,5,0,3.783,43.05987,2.11932,2.04564,0.2051,-229.928448
CC#CCO,5,0,1.2486,25.23558,2.07322,1.96278,0.2789,-231.111403
CCC#CC,5,0,0.078,20.50649,2.07478,1.95249,0.3033,-195.196751
CN=COC,5,0,2.9091,27.37372,2.3551,2.22921,0.2732,-248.395289
CCCC#C,5,0,0.7752,23.52902,2.22059,2.10822,0.3169,-195.186228
CCCC#N,5,0,4.0641,23.89209,2.25168,2.1394,0.355,-211.295163
CNCC#N,5,0,4.1469,27.0505,2.37302,2.25333,0.2698,-227.324775
COCC#C,5,0,1.3623,29.26507,2.42505,2.30445,0.2889,-231.092208
COCC#N,5,0,4.5445,29.69812,2.46416,2.34273,0.2939,-247.198
C#CCCO,5,0,1.3892,26.63096,2.28907,2.16465,0.3174,-231.10631
C(CO)C#N,5,0,3.7158,27.12022,2.32375,2.19911,0.3237,-247.21445
CCCC=O,5,0,2.7552,20.60318,2.12564,2.08237,0.2292,-232.36363
CCNC=O,5,0,3.694,12.29542,2.95298,2.69965,0.2834,-248.436061
CCOC=O,5,0,4.0425,18.87188,2.54729,2.47133,0.2868,-268.307873
COCC=O,5,0,2.7959,29.05433,2.28555,2.17705,0.2295,-268.27324
C(CO)C=O,5,0,1.4229,22.23659,2.16652,2.13287,0.225,-268.282665
CCCCC,5,0,0.0603,17.04187,1.92713,1.82903,0.403,-197.629416
CCCCO,5,0,1.3815,18.74523,1.96959,1.86471,0.3428,-233.549368
CCCOC,5,0,0.9755,20.12848,2.11047,2.00594,0.3426,-233.542445
CCOCC,5,0,0.9301,17.9608,2.23958,2.09578,0.3414,-233.547877
COCCO,5,0,2.2019,12.80895,2.7832,2.48922,0.3431,-269.465281
C(CO)CO,5,0,2.7191,20.79686,2.01268,1.9004,0.3386,-269.468415
C#CC1CC1,5,0,0.8635,15.9285,3.34091,3.17008,0.2928,-193.963318
C#CC1CN1,5,0,1.2763,17.05252,3.4088,3.26202,0.2744,-210.001565
C#CC1CO1,5,0,1.7013,18.6968,3.40509,3.26056,0.2839,-229.879598
C1CC1C#N,5,0,4.1966,15.97776,3.43771,3.25625,0.322,-210.071468
N#CC1CN1,5,0,2.8377,17.10357,3.50921,3.35299,0.2851,-226.107205
N#CC1CO1,5,0,3.6533,18.70863,3.50788,3.35304,0.3004,-245.983375
C1CC1C=O,5,0,3.147,16.01056,3.17029,3.01951,0.2329,-231.145151
O=CC1CN1,5,0,2.03,12.11336,4.15999,3.92501,0.2258,-247.184334
O=CC1CO1,5,0,2.3951,18.45912,3.25271,3.1231,0.2217,-267.060326
C1CN1C=O,5,0,3.2517,14.7497,3.94953,3.42803,0.2542,-247.192524
CCC1CC1,5,0,0.095,11.92252,3.07744,2.77702,0.3709,-196.40532
CCC1CO1,5,0,1.7468,13.16352,3.25269,2.93666,0.3599,-232.328175
CCN1CC1,5,0,1.0617,12.65097,3.37781,3.01126,0.3249,-212.439286
COC1CC1,5,0,1.0906,13.06284,3.49477,3.12333,0.3395,-232.3174
C1CC1CO,5,0,1.3201,12.75002,3.20516,2.88061,0.339,-232.324966
OCC1CN1,5,0,2.9395,13.52261,3.29848,2.97514,0.3113,-248.364357
OCC1CO1,5,0,1.7822,13.91383,3.41925,3.06432,0.3418,-268.248806
C1CC=CC1,5,0,0.1413,7.29736,7.21425,3.92627,0.2661,-195.226072
C1COC=N1,5,0,1.6299,8.50694,8.12007,4.38248,0.272,-247.215049
C1C=CCO1,5,0,1.5715,8.03792,7.90647,4.19499,0.2491,-231.142581
C1CCCC1,5,0,0.001,6.46711,6.46539,3.72933,0.3922,-196.432825
C1CCOC1,5,0,1.465,7.13328,6.90764,3.97481,0.3304,-232.351764
C1COCO1,5,0,1.3482,7.8609,7.51415,4.27374,0.3437,-268.273739
C1C2CCC12,5,0,0.2527,9.13872,6.09542,4.76786,0.3506,-195.179738
C1C2COC12,5,0,1.7167,10.16649,6.4527,5.07931,0.319,-231.093096
C1CC2OC12,5,0,1.8518,9.60877,6.57366,5.00982,0.3468,-231.102112
c1c[nH]nc1,5,0,2.2277,9.66859,9.44683,4.77821,0.2677,-226.144377
c1cnn[nH]1,5,0,4.2954,10.07849,9.91557,4.99818,0.2618,-242.180146
c1[nH]ncn1,5,0,2.79,10.29348,9.86616,5.03764,0.2764,-242.205627
c1[nH]cnn1,5,0,5.498,10.04746,9.93509,4.99548,0.2715,-242.196351
c1cn[nH]n1,5,0,0.0597,10.3093,9.81117,5.02703,0.2687,-242.18601
c1cnoc1,5,0,2.8629,9.8405,9.63861,4.86926,0.2538,-245.994065
c1conn1,5,0,3.4411,10.42602,9.84405,5.06334,0.2422,-262.035127
c1ncon1,5,0,1.126,10.39572,10.14933,5.13552,0.2719,-262.056533
c1nnco1,5,0,3.1035,10.38235,10.24473,5.15654,0.2711,-262.065493
c1nnno1,5,0,2.8915,10.78306,10.41182,5.2971,0.2667,-278.075775
c1cnon1,5,0,3.2148,10.52537,9.76061,5.06429,0.2698,-262.017735
c1nnon1,5,0,1.9641,10.97997,10.24035,5.29863,0.2563,-278.059333
n1nnon1,5,0,0.6581,11.4029,10.6093,5.4959,0.2598,-294.081616
CC(=NO)C#C,6,0,0.6411,8.35402,2.38993,1.87981,0.2068,-285.217962
CC(=NO)CO,6,0,1.9975,5.71908,2.66918,1.86162,0.2567,-323.58568
CCC(=NO)C,6,0,0.6759,6.7828,2.18539,1.85356,0.2562,-287.662612
C1CC(=NO)C1,6,0,0.8763,9.1832,2.53155,2.06117,0.2479,-286.438084
C1C(=NO)CN1,6,0,1.2383,9.72664,2.54748,2.08411,0.2326,-302.472397
C1C(=NO)CO1,6,0,1.1556,10.19354,2.53906,2.08688,0.2452,-322.351046
C(F)(F)(F)F,5,0,0.0003,5.71326,5.71279,5.71267,0.6221,-437.484875
N=C1NC=CO1,6,0,3.2823,9.03286,3.98056,2.76298,0.2235,-301.367422
N=C1OC=CO1,6,0,3.6351,9.19863,4.12641,2.84857,0.238,-321.236907
c1c[nH]c(=O)[nH]1,6,0,3.6997,9.01341,3.89637,2.72039,0.2357,-301.405558
c1coc(=O)[nH]1,6,0,4.6537,9.20111,4.03528,2.80507,0.2422,-321.276274
c1coc(=O)o1,6,0,4.4195,9.39188,4.18355,2.8943,0.2556,-341.145624
Cc1ccc[nH]1,6,0,1.9162,8.61149,3.43237,2.49228,0.243,-249.397368
Cc1ccco1,6,0,0.5222,8.84271,3.54533,2.57115,0.2363,-269.267574
Cc1cnco1,6,0,2.0636,9.35773,3.58145,2.6326,0.243,-285.328258
Cc1ncco1,6,0,1.3368,9.16324,3.7188,2.68951,0.2453,-285.330157
c1cc([nH]c1)N,6,0,1.5102,8.80085,3.53327,2.54719,0.2406,-265.441614
c1cc(oc1)N,6,0,1.5774,9.03471,3.7,2.63327,0.2241,-285.313612
c1c(ocn1)N,6,0,2.9659,9.58198,3.73874,2.69846,0.2251,-301.373496
c1coc(n1)N,6,0,1.8589,9.35884,3.9125,2.76625,0.2373,-301.381127
c1cc([nH]c1)O,6,0,0.9982,8.91138,3.62931,2.57898,0.2449,-285.320198
c1c([nH]cn1)O,6,0,2.938,9.43187,3.67479,2.64447,0.247,-301.377995
c1cnc([nH]1)O,6,0,2.18,9.27499,3.84435,2.71784,0.2555,-301.389192
Cc1cc[nH]c1,6,0,1.6978,8.67353,3.34371,2.44992,0.2515,-249.395323
Cc1c[nH]cn1,6,0,3.3147,9.00788,3.50963,2.56569,0.2533,-265.457424
Cc1ccoc1,6,0,0.8398,8.94272,3.37005,2.48533,0.2434,-269.263476
Cc1cocn1,6,0,1.3204,9.29377,3.53254,2.60086,0.2468,-285.326726
c1c[nH]cc1N,6,0,1.8044,8.86789,3.46013,2.49766,0.2299,-265.43852
c1c(nc[nH]1)N,6,0,3.0074,9.23894,3.65185,2.62644,0.2241,-281.504579
c1cocc1N,6,0,1.7218,9.15078,3.49098,2.53565,0.2237,-285.306999
c1c(nco1)N,6,0,1.6737,9.54923,3.68153,2.66498,0.2164,-301.373831
c1c[nH]cc1O,6,0,1.6811,8.97547,3.51643,2.52657,0.2364,-285.316421
c1c(nc[nH]1)O,6,0,2.8207,9.37443,3.72661,2.66657,0.2321,-301.385442
c1c(nco1)O,6,0,0.4508,9.6847,3.7549,2.70582,0.2252,-321.252793
Cn1cccc1,6,0,2.0318,8.71953,3.56689,2.57362,0.2469,-249.387499
Cn1ccnc1,6,0,3.9054,9.19623,3.61466,2.63799,0.2541,-265.44727
c1ccccc1,6,0,0.0,5.71227,5.71175,2.85601,0.2503,-232.164586
c1ccncc1,6,0,2.1103,6.06065,5.83683,2.97332,0.2293,-248.211932
c1cnccn1,6,0,0.0,6.4337,5.94958,3.09109,0.1982,-264.255612
c1cncnc1,6,0,2.2031,6.30165,6.09672,3.09875,0.2116,-264.261826
c1ncncn1,6,0,0.0001,6.4674,6.46702,3.2336,0.2214,-280.31408
CC(C)(C)C#C,6,0,0.6082,4.51049,2.68409,2.68378,0.3214,-234.476516
CC(C)(C)C#N,6,0,3.9525,4.48834,2.74542,2.74525,0.3594,-250.585843
CC(C)(C#N)N,6,0,2.8519,4.64233,2.79473,2.74828,0.3024,-266.630629
CC(C)(C#C)O,6,0,1.7721,4.76694,2.76751,2.71134,0.3014,-270.399081
CC(C)(C#N)O,6,0,4.8465,4.7465,2.83377,2.77452,0.3148,-286.506282
CC(C)(C)C=O,6,0,2.5692,4.42313,2.76203,2.72257,0.2291,-271.656372
CC(C)(C=O)O,6,0,2.8176,4.6175,2.83829,2.80928,0.2265,-307.582044
CC(C)(C)CO,6,0,1.3469,4.38057,2.60111,2.59415,0.3363,-272.841336
CC(C)(CO)O,6,0,0.1987,4.50357,2.67369,2.67044,0.3346,-308.769557
CCC(C)(C)C,6,0,0.0414,4.2679,2.47516,2.46634,0.378,-236.917458
CCC(C)(C)O,6,0,1.3435,4.5327,2.58644,2.52034,0.3259,-272.84753
CC(C)(C)OC,6,0,1.0896,4.35981,2.71989,2.7163,0.3245,-272.835594
CC#CC(=O)C,6,0,3.5644,9.59568,1.744,1.50329,0.2082,-269.230258
CC#CC(=O)N,6,0,4.0759,10.67595,1.75821,1.52399,0.2342,-285.30044
CC#CC(C)C,6,0,0.1156,7.4644,1.70877,1.47982,0.3036,-234.486176
CC#CC(C)O,6,0,1.89,8.01526,1.71359,1.49741,0.2908,-270.408713
CC(=O)CC#C,6,0,2.2729,7.67676,2.29575,1.87888,0.2275,-269.219315
CC(=O)CC#N,6,0,5.6789,9.67999,2.17217,1.81363,0.237,-285.324641
C#CCC(=O)N,6,0,3.7732,9.4168,2.22029,1.85862,0.2742,-285.287913
C(C#N)C(=O)N,6,0,6.7117,9.72555,2.25446,1.8741,0.2792,-301.394865
CC(=N)NC=O,6,0,0.9105,7.49331,2.71579,2.01778,0.2434,-302.588564
CC(=N)OC=O,6,0,4.0954,9.27563,2.24606,1.83479,0.2472,-322.460671
CC(=O)CC=O,6,0,2.6833,7.62965,2.075,1.80193,0.2124,-306.397642
CC(=O)NC=N,6,0,5.1423,8.55761,2.46723,1.93829,0.2283,-302.579654
CC(=O)NC=O,6,0,5.6602,8.68161,2.49189,1.95985,0.2213,-322.479769
CC(=O)OC=N,6,0,0.9137,9.62372,2.25349,1.84676,0.2533,-322.464725
C(=O)NC(=N)N,6,0,2.4787,8.34296,2.73401,2.06751,0.2189,-318.647923
C(C=O)C(=O)N,6,0,3.7344,8.23674,2.10689,1.8256,0.2223,-322.469844
C(=N)NC(=O)N,6,0,5.2585,8.72614,2.55084,1.99804,0.2484,-318.641916
C(=O)NC(=O)N,6,0,6.1119,8.85115,2.58309,2.01992,0.242,-338.542975
NC(=O)OC=N,6,0,1.994,10.30398,2.31232,1.8886,0.2767,-338.531538
CC(C)CC#C,6,0,0.6828,7.28576,2.0531,1.72307,0.3143,-234.476081
CC(C)CC#N,6,0,3.9826,7.32032,2.08565,1.74516,0.3507,-250.585183
CC(O)CC#C,6,0,1.4348,7.60425,2.09483,1.75454,0.3167,-270.401061
CC(O)CC#N,6,0,4.9064,8.13877,2.09686,1.78822,0.3214,-286.508374
CN(C)CC#N,6,0,4.0824,8.08563,2.19066,1.84258,0.2588,-266.609146
CC(C)CC=O,6,0,2.7416,7.05919,1.96028,1.67683,0.2284,-271.653205
CC(C)NC=O,6,0,3.6603,6.05601,2.21302,1.97997,0.2832,-287.72789
CC(C)OC=O,6,0,4.1216,7.4514,2.03598,1.73685,0.2863,-307.60208
CC(O)CC=O,6,0,3.3205,7.6927,1.90998,1.63513,0.2232,-307.577822
CN(C)CC=O,6,0,2.7328,8.00355,1.98325,1.71486,0.2016,-287.681216
CC(=O)CCO,6,0,1.2601,8.72739,1.81809,1.54762,0.2348,-307.586014
CCCC(=O)C,6,0,2.5426,8.36053,1.7817,1.52355,0.2345,-271.666055
CCCC(=O)N,6,0,3.4104,8.69227,1.82351,1.56698,0.2789,-287.736841
CCNC(=O)C,6,0,3.4941,7.47672,2.0437,1.81354,0.2783,-287.734664
CCNC(=O)N,6,0,3.5648,8.47929,1.99776,1.7207,0.3025,-303.795699
CCOC(=O)C,6,0,1.9371,8.4155,2.08732,1.72634,0.285,-307.614861
CCOC(=O)N,6,0,2.4228,8.98436,2.12697,1.75865,0.3235,-323.6788
C[NH2+]CC([O-])=O,6,0,5.2128,7.07591,2.3079,2.07473,0.2691,-323.654114
CC(=O)COC,6,0,3.6117,8.89923,1.94768,1.64777,0.2347,-307.571921
COCC(=O)N,6,0,4.2922,9.29932,1.99725,1.69178,0.2738,-323.641347
C(CO)C(=O)N,6,0,2.1536,9.17009,1.86544,1.58189,0.2798,-323.657279
[NH3+]CCC([O-])=O,6,0,14.8809,8.91475,1.86414,1.62849,0.1338,-323.582949
CC(C)CCO,6,0,1.3839,6.8197,1.72205,1.47522,0.342,-272.837559
CC(O)CCO,6,0,0.18,7.4215,1.74761,1.51679,0.3302,-308.764658
CCCC(C)C,6,0,0.0898,6.59674,1.69478,1.45846,0.3901,-236.917664
CCCC(C)O,6,0,1.3758,7.1604,1.71893,1.49915,0.3352,-272.84456
CCOC(C)C,6,0,0.9735,6.73269,1.92812,1.63086,0.3333,-272.839582
CC(C)COC,6,0,0.9451,6.99745,1.88283,1.60043,0.3384,-272.83269
COCC(C)O,6,0,2.2037,6.31223,2.13733,1.91565,0.3359,-308.759135
CC(=O)C(=O)C,6,0,0.0005,5.28135,3.3693,2.10993,0.1582,-306.406578
CC(=O)C(=N)N,6,0,1.9354,5.34084,3.5511,2.16491,0.1968,-302.580808
CC(=O)C(=O)N,6,0,1.1652,5.43774,3.54714,2.17517,0.1784,-322.482659
NC(=[NH2+])C([O-])=O,6,0,8.5052,5.47512,3.91202,2.28171,0.1973,-338.530072
C(=O)(C(=O)N)N,6,0,0.0024,5.64251,3.73654,2.24793,0.21,-338.559964
CC(C)C(=O)C,6,0,2.5905,4.73706,2.78011,2.2501,0.2308,-271.665153
CC(C)C(=O)N,6,0,3.4399,4.90809,2.61486,2.52356,0.278,-287.737498
CC([NH3+])C([O-])=O,6,0,5.0933,4.85146,3.44622,2.14957,0.2683,-323.665247
CC(O)C(C)=O,6,0,2.9304,4.86781,3.19439,2.14328,0.2371,-307.594137
CC(O)C(N)=O,6,0,4.1096,5.05033,3.24897,2.23698,0.2786,-323.665987
CC(=O)N(C)C,6,0,3.5335,4.91512,3.39317,2.0861,0.2696,-287.723848
CN(C)C(=O)N,6,0,3.6689,5.07057,3.5194,2.14443,0.2909,-303.785832
CC(C)C(C)C,6,0,0.0,4.19798,2.86549,1.86359,0.3838,-236.916033
CC(C)C(C)O,6,0,1.414,4.47958,2.66966,2.28942,0.3297,-272.843742
CC(O)C(C)O,6,0,0.1664,4.73128,2.64326,2.42091,0.3208,-308.772292
CC1(CCC1)C,6,0,0.0245,4.94405,3.06969,2.80861,0.3649,-235.699029
CC1(CCO1)C,6,0,1.636,5.10608,3.28695,2.96998,0.3205,-271.626697
CC1(COC1)C,6,0,1.888,5.16119,3.14248,2.83176,0.3154,-271.618179
CC1(CCC1)O,6,0,1.3454,5.17369,3.14505,2.90044,0.3269,-271.627826
CC1(COC1)O,6,0,2.486,5.46124,3.21403,2.92761,0.3076,-307.544712
CC1(C)CC1O,6,0,1.2792,5.09266,2.97394,2.52892,0.3327,-271.621961
CC1(O)CC1O,6,0,1.9707,5.24096,3.07084,2.60289,0.3221,-307.546144
CC1CC1(C)C,6,0,0.0963,4.93979,2.82688,2.43235,0.3445,-235.698987
CC1CC1(C)O,6,0,1.2745,5.09412,2.91073,2.50204,0.3256,-271.623957
CC1OC1(C)C,6,0,1.7972,5.42634,2.9036,2.43856,0.3468,-271.630416
CC1(CN1C)C,6,0,1.1514,5.05749,3.02686,2.58542,0.3063,-251.732828
CC1CC(=N)O1,6,0,2.8604,9.20563,2.65868,2.33419,0.2903,-286.498235
CC1CC(=O)C1,6,0,2.8997,9.35988,2.40174,2.08257,0.2231,-270.446915
CC1CC(=O)N1,6,0,3.855,9.37628,2.54337,2.24698,0.2852,-286.519735
CC1CC(=O)O1,6,0,4.16,9.32445,2.68104,2.36185,0.2861,-306.403144
CN1CC(=O)C1,6,0,2.5981,10.23307,2.52788,2.17036,0.2071,-286.476486
C1C(CC1=O)O,6,0,3.0457,9.88123,2.46668,2.12799,0.2214,-306.369631
CC1CC(C)C1,6,0,0.1412,7.8794,2.19453,2.00483,0.3739,-235.700285
CC1CC(C)O1,6,0,1.5588,7.09839,2.5176,2.36131,0.3341,-271.628346
CC1CC(O)C1,6,0,1.398,8.21533,2.25023,2.04733,0.3318,-271.62464
CN1CC(C1)O,6,0,1.5574,8.45455,2.48661,2.27352,0.3034,-287.657053
OC1CC(O)C1,6,0,1.3233,8.74308,2.25286,2.04782,0.3216,-307.548619
CC12CC(C1)C2,6,0,0.2077,5.99752,3.39906,3.39861,0.3917,-234.455424
CC12CC(C1)O2,6,0,1.8191,6.22463,3.60361,3.5536,0.3319,-270.370102
CC12CN(C1)C2,6,0,1.9709,6.36553,3.40958,3.40949,0.3091,-250.478855
OC12CC(C1)C2,6,0,1.329,6.11821,3.56308,3.551,0.3397,-270.382725
OC12CN(C1)C2,6,0,1.7613,6.47877,3.57961,3.5684,0.3126,-286.408473
C#CC(=O)C#C,6,0,3.1111,6.57168,2.87944,2.00217,0.1902,-266.763445
C#CC(=O)C#N,6,0,3.7814,6.60238,2.92418,2.0266,0.1947,-282.861121
C(#N)C(=O)C#N,6,0,0.6341,6.73683,2.93617,2.04492,0.1977,-298.95295
C#CC(=O)C=O,6,0,4.3138,8.66117,2.47638,1.92577,0.1491,-303.934323
C(=O)C(=O)C#N,6,0,1.4415,8.71899,2.49294,1.93864,0.1475,-320.029854
C(=O)C(=O)C=O,6,0,3.4458,10.85937,2.22469,1.84643,0.1151,-341.097446
CC(C#C)C#C,6,0,0.6022,5.48874,2.75881,1.95689,0.2962,-232.02593
CC(C#C)C#N,6,0,3.7481,5.52804,2.80821,1.98441,0.2995,-248.132701
CC(C#N)C#N,6,0,4.1272,5.61395,2.83765,2.00723,0.3304,-264.235803
NC(C#C)C#N,6,0,2.5088,5.6601,2.84529,2.01169,0.2768,-264.171923
C(#N)C(C#N)N,6,0,3.6178,5.74651,2.87292,2.03264,0.2758,-280.273691
C#CC(C#C)O,6,0,1.3299,5.71265,2.8187,2.00322,0.2747,-267.944278
OC(C#C)C#N,6,0,3.263,5.7683,2.8663,2.03108,0.2821,-284.048718
C(#N)C(C#N)O,6,0,2.3093,5.87397,2.89114,2.05305,0.3,-300.148891
CC(C=O)C#C,6,0,2.3065,5.76079,2.56761,1.90777,0.2213,-269.207716
CC(C=O)C#N,6,0,2.7273,6.06166,2.54178,1.91991,0.2256,-285.313284
OC(C=O)C#C,6,0,2.1664,6.90658,2.63327,2.09593,0.2216,-305.130184
OC(C=O)C#N,6,0,2.9799,7.04619,2.65258,2.11311,0.234,-321.233569
CC(C=O)C=O,6,0,3.0426,5.40263,2.49803,1.88284,0.1986,-306.383308
CN(C=N)C=O,6,0,2.4166,9.01877,2.42338,1.93317,0.2424,-302.579718
CN(C=O)C=O,6,0,0.6161,9.04216,2.43702,1.943,0.2374,-322.477268
C(=O)C(C=O)O,6,0,3.3417,7.13566,2.54107,2.18191,0.1986,-342.307696
CN=C(C#N)N,6,0,5.1006,8.69706,2.39967,1.90493,0.2223,-281.480993
CN=C(C=O)N,6,0,2.7489,9.49914,2.31209,1.88308,0.187,-302.564379
CCC(=O)C#C,6,0,2.733,8.71587,2.21187,1.80306,0.2087,-269.216969
CCC(=O)C#N,6,0,3.5163,8.70299,2.23063,1.81499,0.2122,-285.317454
CNC(=N)C#N,6,0,3.0753,8.75975,2.3713,1.88895,0.2121,-281.484877
CNC(=O)C#C,6,0,3.6839,8.88595,2.34892,1.87991,0.2349,-285.282532
COC(=O)C#C,6,0,1.7556,9.60396,2.43366,1.96569,0.2382,-305.155985
COC(=O)C#N,6,0,4.0593,9.53061,2.46518,1.98316,0.248,-321.254976
C#CC(=O)CO,6,0,4.1336,8.88065,2.27616,1.83245,0.2088,-305.130313
C(C(=O)C#N)O,6,0,4.1197,8.85788,2.30124,1.84768,0.2122,-321.230055
CCC(=O)C=O,6,0,1.0401,6.71474,2.47373,1.84838,0.1571,-306.392828
CNC(=N)C=O,6,0,3.7361,9.85085,2.21586,1.83111,0.1707,-302.558547
CNC(=O)C=O,6,0,5.2806,10.0137,2.20959,1.83112,0.178,-322.454079
COC(=O)C=O,6,0,3.7746,10.36953,2.31178,1.91314,0.1821,-342.329232
C(C(=O)C=O)O,6,0,5.1353,10.18019,2.11712,1.7719,0.1563,-342.297848
CCC(=O)CC,6,0,2.5012,8.93073,1.94183,1.65971,0.2356,-271.666841
CCC(=O)CO,6,0,3.84,9.27952,1.97063,1.67949,0.2356,-307.58009
CCC(=O)NC,6,0,3.4247,8.85645,2.05431,1.76094,0.28,-287.732329
CCC(=O)OC,6,0,1.6323,9.53439,2.13951,1.80586,0.2871,-307.61045
CNC(=O)CO,6,0,4.3706,9.16916,2.08247,1.78086,0.2707,-323.644468
CNC(=O)NC,6,0,3.5856,9.81743,2.15461,1.81196,0.3052,-303.787203
CNC(=O)OC,6,0,2.2967,10.0298,2.24766,1.87969,0.3158,-323.6692
COC(=O)CN,6,0,1.6419,9.70719,2.14704,1.81406,0.2616,-323.652284
COC(=O)CO,6,0,2.8141,10.04823,2.20536,1.85033,0.2737,-343.531666
C(C(=O)CO)O,6,0,5.1141,9.64235,1.99929,1.69878,0.2348,-343.492484
CC(=NC)OC,6,0,0.8775,5.62304,2.78995,1.93208,0.2761,-287.697316
CC(CO)C#C,6,0,1.3163,6.77272,2.23073,1.78456,0.3166,-270.3961
CC(CO)C#N,6,0,3.7371,6.78215,2.26625,1.80707,0.3246,-286.504534
CCC(C)C#C,6,0,0.7089,6.4208,2.16929,1.73642,0.3157,-234.474088
CCC(C)C#N,6,0,4.0632,6.42417,2.20162,1.75659,0.3527,-250.583259
CCC(N)C#N,6,0,2.8538,6.84522,2.20034,1.78254,0.298,-266.626759
CCC(O)C#C,6,0,1.3296,7.14633,2.18885,1.78723,0.2982,-270.397474
CCC(O)C#N,6,0,3.3465,7.1361,2.21726,1.80468,0.3145,-286.50404
CNC(C)C#N,6,0,4.4075,6.53292,2.30631,1.82542,0.2711,-266.615452
COC(C)C#C,6,0,1.41,6.54157,2.38245,1.86601,0.2933,-270.38418
COC(C)C#N,6,0,3.2128,4.3707,3.32059,2.02436,0.3042,-286.495035
NC(CO)C#N,6,0,4.5745,7.18808,2.28721,1.83758,0.2834,-302.545112
NCC(N)C#N,6,0,4.8739,7.05534,2.24882,1.81798,0.28,-282.667163
NCC(O)C#N,6,0,3.5369,7.3849,2.26347,1.83608,0.2627,-302.545562
OCC(O)C#C,6,0,2.1731,7.64075,2.25059,1.83982,0.2813,-306.320806
OCC(O)C#N,6,0,2.1065,7.60375,2.27643,1.85366,0.2839,-322.425235
CC(CO)C=O,6,0,1.4722,5.49762,2.51451,1.86401,0.2304,-307.574899
CCC(C)C=O,6,0,2.7619,5.92856,2.12695,1.72359,0.227,-271.651913
CCC(O)C=O,6,0,2.216,8.00702,2.15035,1.83174,0.2365,-307.581989
CCN(C)C=O,6,0,3.8246,6.74283,2.26803,1.90839,0.2735,-287.720383
COC(C)C=O,6,0,2.7851,7.46103,2.22365,1.82004,0.2269,-307.566593
OCC(O)C=O,6,0,1.2875,8.22625,2.23737,1.90488,0.2186,-343.5036
CC(CO)CO,6,0,2.6348,7.1409,1.93367,1.65547,0.3342,-308.75909
CCC(C)CC,6,0,0.067,6.53322,1.83734,1.58068,0.3874,-236.916125
CCC(C)CO,6,0,1.3482,6.83866,1.88641,1.61861,0.3408,-272.838189
CCC(C)OC,6,0,1.0377,4.54162,2.61906,1.81897,0.3341,-272.834623
CCC(CC)O,6,0,1.4336,7.30037,1.88258,1.63985,0.3342,-272.844804
CCC(O)CO,6,0,2.3512,7.70308,1.93499,1.67435,0.3178,-308.768073
COC(C)CO,6,0,2.2435,5.34544,2.4935,2.04825,0.3335,-308.757315
C(C(CO)O)O,6,0,1.7715,8.07928,1.9819,1.70664,0.3096,-344.689237
CC1(CC1)C#C,6,0,0.7654,5.65815,3.06401,2.39381,0.2972,-233.255259
CC1(CC1)C#N,6,0,4.1425,5.6186,3.15251,2.43943,0.3224,-249.363808
CC1(CN1)C#C,6,0,1.9146,5.918,3.08345,2.40985,0.2885,-249.293044
CC1(CN1)C#N,6,0,4.9191,5.87456,3.17277,2.45596,0.2969,-265.399968
CC1(CO1)C#C,6,0,1.7508,6.03973,3.14206,2.43199,0.2879,-269.176124
CC1(CO1)C#N,6,0,3.8379,5.99149,3.23476,2.47902,0.3038,-285.281032
C1CC1(C#N)N,6,0,3.0748,5.89466,3.14775,2.48009,0.3012,-265.408147
C#CC1(CC1)O,6,0,1.2031,6.13748,3.07004,2.45758,0.2774,-269.176442
C1CC1(C#N)O,6,0,3.5524,6.09849,3.15469,2.5059,0.2964,-285.282853
CC1(CC1)C=O,6,0,2.9392,5.91437,3.00538,2.3965,0.2341,-270.439135
CC1(CN1)C=O,6,0,3.0447,6.11932,3.04137,2.41582,0.2249,-286.477365
CC1(CO1)C=O,6,0,2.2978,6.21253,3.0959,2.43202,0.2218,-306.358581
C1CC1(C=O)O,6,0,2.375,6.6913,3.03598,2.50133,0.2204,-306.364186
CC1(CC1)CO,6,0,1.3206,5.32426,2.84956,2.38565,0.3373,-271.618137
CC1(CO)CN1,6,0,2.1168,5.30044,2.98932,2.47639,0.3186,-287.663174
CC1(CO)CO1,6,0,1.7232,5.44881,3.03126,2.49382,0.3421,-307.545713
CCC1(CC1)C,6,0,0.1151,5.14779,2.74148,2.30804,0.3486,-235.696677
CCC1(C)CO1,6,0,1.7595,5.34711,2.88729,2.39735,0.3465,-271.623066
CCC1(CC1)O,6,0,1.3751,5.61124,2.75377,2.3805,0.3242,-271.621836
CC1(CC1)OC,6,0,1.104,5.26363,3.09609,2.52678,0.3348,-271.611366
C1CC1(CO)O,6,0,2.0651,5.94194,2.85945,2.4711,0.306,-307.544316
CC1CCC1=O,6,0,2.6766,4.70272,3.90423,2.33651,0.2211,-270.447268
CC1CNC1=O,6,0,3.5654,5.09171,3.88977,2.43681,0.2825,-286.517094
CC1COC1=N,6,0,2.5239,5.19024,3.89243,2.45819,0.2899,-286.493052
CC1COC1=O,6,0,3.9998,5.28041,3.90606,2.48055,0.2825,-306.397746
CC1NCC1=O,6,0,2.556,4.90898,3.93292,2.38617,0.2182,-286.484904
CC1OCC1=O,6,0,0.9705,5.12788,3.90547,2.45414,0.2252,-306.365166
CN1CCC1=O,6,0,3.6013,4.92227,4.22037,2.37488,0.2809,-286.514923
NC1COC1=N,6,0,1.33,5.33196,3.90126,2.45716,0.2687,-302.535621
NC1COC1=O,6,0,2.9069,5.44207,3.89064,2.47394,0.2493,-322.439472
OC1CCC1=O,6,0,2.1771,4.87211,4.14032,2.44584,0.2226,-306.368494
OC1CNC1=O,6,0,2.5208,5.28799,4.0728,2.50583,0.2679,-322.436757
OC1COC1=N,6,0,1.2035,5.38555,4.06938,2.52801,0.284,-322.412936
OC1COC1=O,6,0,3.0125,5.55098,4.00493,2.53231,0.2616,-342.315546
CC1CCC1C,6,0,0.1206,4.34218,3.60938,2.38799,0.3663,-235.696852
CC1CCC1O,6,0,1.3078,4.44325,3.84688,2.49161,0.3274,-271.622539
CC1COC1C,6,0,1.7671,4.43292,3.8862,2.44563,0.3248,-271.620997
CC1OCC1O,6,0,2.3269,4.53978,4.15272,2.54101,0.3069,-307.544728
OC1CCC1O,6,0,1.022,4.68086,3.99775,2.60447,0.3067,-307.55036
N=C1CN=CN1,6,0,3.4388,8.5241,3.71634,2.63002,0.2275,-281.491976
C1C=CCC1=O,6,0,2.5958,7.38256,3.60727,2.49744,0.2245,-269.263802
C1C=CNC1=O,6,0,3.246,8.19502,3.72327,2.60109,0.2152,-285.335887
C1C(=O)NC=N1,6,0,2.525,8.65423,3.76058,2.66467,0.2318,-301.395982
C1C(=O)OC=N1,6,0,1.6338,8.78743,3.90713,2.7507,0.2478,-321.271406
N=C1OCC=C1,6,0,3.3473,8.14926,3.83837,2.65279,0.216,-285.311823
C1CC(=O)C=C1,6,0,3.5709,7.42718,3.57756,2.48815,0.1938,-269.27132
C1C=CC(=O)N1,6,0,4.2248,8.13281,3.73274,2.59999,0.2166,-285.336744
N=C1CCCO1,6,0,3.1568,7.1744,3.54699,2.53157,0.2866,-286.516174
N=C1COCO1,6,0,1.8361,7.91279,3.67077,2.62431,0.2907,-322.434119
N=C1OCCO1,6,0,4.2769,7.9234,3.7995,2.67986,0.3105,-322.44415
C1CCC(=O)C1,6,0,2.8451,6.60272,3.33567,2.39369,0.2226,-270.47247
C1CC(=O)NC1,6,0,3.7977,7.16888,3.44429,2.46252,0.2747,-286.542391
C1CC(=O)OC1,6,0,4.3159,7.26973,3.57574,2.54917,0.2795,-306.418503
C1COCC1=O,6,0,1.8765,7.15925,3.46557,2.4869,0.2186,-306.386594
C1C(=O)OCO1,6,0,2.7134,8.01043,3.70601,2.64411,0.2772,-342.335241
C1CNC(=O)N1,6,0,3.9802,7.69225,3.61351,2.57546,0.3086,-302.599262
C1COC(=O)N1,6,0,4.8739,7.85701,3.72703,2.64004,0.3152,-322.47672
C1COC(=O)O1,6,0,5.0601,8.03253,3.84232,2.70377,0.3336,-342.352279
CC1=CCCC1,6,0,0.2336,6.95584,3.02672,2.23957,0.2608,-234.522504
CC1=CCOC1,6,0,1.8189,7.64601,3.12341,2.31329,0.2501,-270.43928
CC1=NCCO1,6,0,1.2483,7.74998,3.42753,2.48701,0.2718,-286.516879
CC1CC=CC1,6,0,0.1489,6.71122,3.17565,2.34459,0.2648,-234.516241
CC1CN=CO1,6,0,1.8411,6.95109,3.605,2.72215,0.2721,-286.510514
OC1CC=CC1,6,0,1.4817,5.80128,3.66753,2.83902,0.267,-270.441325
CC1CCC=C1,6,0,0.1605,6.66135,3.16539,2.35961,0.2642,-234.516409
CC1COC=N1,6,0,1.5301,7.02791,3.53681,2.66173,0.2712,-286.508233
CC1OCC=C1,6,0,1.4505,6.77781,3.51016,2.61055,0.2484,-270.437636
OC1CCC=C1,6,0,1.7344,6.1547,3.46524,2.63178,0.2633,-270.441145
CC1CCCC1,6,0,0.0756,6.22174,2.91216,2.1948,0.3872,-235.723792
CC1CCCO1,6,0,1.5053,6.55719,3.16956,2.37365,0.3246,-271.647465
CC1CCOC1,6,0,1.7082,6.72379,3.02517,2.29024,0.322,-271.642927
CC1COCO1,6,0,1.2942,7.02085,3.30173,2.50629,0.3406,-307.569255
CC1OCCO1,6,0,1.0448,7.01872,3.42197,2.53081,0.3439,-307.573371
C1CCC(C1)O,6,0,1.3247,5.20474,3.4934,2.76418,0.3338,-271.648392
OC1CCOC1,6,0,1.5931,5.60949,3.62344,2.87618,0.314,-307.56626
CC1C(C)C1C,6,0,0.0164,3.56333,3.56313,2.51002,0.3412,-235.694216
CC1C(C)C1O,6,0,1.3139,3.86929,3.62098,2.67648,0.3165,-271.61858
CC1C(C)N1C,6,0,1.3293,3.88714,3.62397,2.64105,0.293,-251.727102
CC1C(O)C1O,6,0,1.9714,4.14245,3.72097,2.84576,0.2838,-307.540766
OC1C(O)C1O,6,0,0.6618,4.20573,4.20358,3.19021,0.3058,-343.468335
CC12CC1CC2,6,0,0.3029,5.88257,3.5926,2.86567,0.338,-234.474951
CC12CC1CO2,6,0,1.6329,6.0133,3.92776,3.04795,0.3155,-270.392444
CC12CC1OC2,6,0,1.8852,6.30494,3.69329,2.91269,0.3098,-270.388222
CC12CCC1O2,6,0,1.8535,6.49682,3.64898,2.93229,0.3397,-270.401391
OC12CC1CC2,6,0,1.1413,6.06624,3.74807,2.96204,0.3309,-270.397623
OC12CC1OC2,6,0,2.2569,6.50004,3.85598,3.01225,0.3024,-306.309029
C#CC#CC#C,6,0,0.0151,619867.68314,1.33455,1.33454,0.19,-229.615446
C#CC#CC#N,6,0,4.5941,0.0,1.34015,1.34015,0.199,-245.711897
C(#CC#N)C#N,6,0,0.0,0.0,1.344106,1.344106,0.2113,-261.802956
C#CCCC#C,6,0,0.0008,25.04915,1.45902,1.40244,0.3006,-232.030352
C#CCCC#N,6,0,3.4446,25.27902,1.46993,1.41333,0.3014,-248.137789
C(CC#N)C#N,6,0,0.0004,25.56861,1.4803,1.4239,0.3384,-264.243028
C#CC#CC=O,6,0,3.248,54.35121,1.34851,1.31587,0.1828,-266.777425
C(=O)C#CC#N,6,0,2.4648,53.05616,1.35517,1.32142,0.1843,-282.871678
C(=O)C#CC=O,6,0,2.3737,27.62689,1.33139,1.32381,0.1966,-303.940271
N=COCC#C,6,0,3.3466,9.41986,2.01611,1.74724,0.2834,-285.242094
N=COCC#N,6,0,3.3728,9.90773,2.00413,1.75551,0.2828,-301.345683
C#CCCC=O,6,0,2.1557,20.3785,1.39567,1.35792,0.2247,-269.20692
C(CC#N)C=O,6,0,2.4084,20.93178,1.40036,1.36378,0.2276,-285.313674
C#CCNC=O,6,0,3.3746,12.81085,1.74827,1.68822,0.2752,-285.276634
C(C#N)NC=O,6,0,3.6197,11.45832,1.83316,1.76977,0.2772,-301.382062
C#CCOC=O,6,0,3.7921,10.361,1.92543,1.71402,0.2768,-305.145002
C(C#N)OC=O,6,0,3.8224,11.5039,1.86186,1.69559,0.2797,-321.247305
N=COCC=O,6,0,2.1434,15.05755,1.57467,1.51807,0.2165,-322.42132
C(CC=O)C=O,6,0,0.0008,18.86105,1.34062,1.32968,0.2193,-306.384286
C(C=O)NC=O,6,0,3.1684,12.11679,1.70392,1.61189,0.2203,-322.45625
C(C=O)OC=O,6,0,1.8826,20.75251,1.47057,1.44259,0.226,-342.324182
CC#CC#CC,6,0,0.0009,80.09637,1.11623,1.11623,0.2291,-232.0639
CC#CCC#C,6,0,0.7462,12.46112,1.50218,1.36312,0.2901,-232.036378
CC#CCC#N,6,0,4.0685,12.89478,1.51089,1.37546,0.2899,-248.143861
CC#CCC=O,6,0,2.7868,16.14416,1.34674,1.28155,0.2194,-269.218553
CN=CNC=O,6,0,4.5664,9.0195,2.12799,1.74027,0.2236,-302.567313
CN=COC=O,6,0,4.1826,31.68669,1.43776,1.38714,0.2532,-322.442708
CCC#CC#C,6,0,1.2338,21.91055,1.33512,1.27835,0.2313,-232.050342
CCC#CC#N,6,0,5.2846,21.9297,1.34235,1.28507,0.2468,-248.151318
C#CC#CCO,6,0,1.9151,28.31357,1.31903,1.27032,0.2202,-267.963366
C(C#CC#N)O,6,0,5.7112,28.35195,1.3265,1.27733,0.2323,-284.062954
CCC#CC=O,6,0,3.9327,20.01298,1.29514,1.23498,0.2053,-269.216495
C(C#CC=O)O,6,0,3.9039,23.98185,1.28659,1.23046,0.2057,-305.129953
CCC#CCC,6,0,0.0,14.22676,1.26311,1.19433,0.2979,-234.484521
CCC#CCO,6,0,1.263,12.55557,1.27566,1.25351,0.279,-270.39928
C(C#CCO)O,6,0,1.4538,14.89645,1.24544,1.24233,0.2807,-306.313706
CCN=COC,6,0,2.8394,10.01609,1.67405,1.47386,0.2729,-287.683128
CC#CCCO,6,0,1.514,19.69511,1.20925,1.16405,0.305,-270.405973
CCCC#CC,6,0,0.1495,17.88474,1.19749,1.15436,0.3043,-234.48564
CC#CCOC,6,0,0.9061,21.32017,1.26339,1.22011,0.2837,-270.392759
CCOC=NC,6,0,2.8689,21.2057,1.36147,1.31075,0.2729,-287.689262
CCCCC#C,6,0,0.835,14.85379,1.31677,1.24669,0.3166,-234.474613
CCCCC#N,6,0,4.1681,15.21364,1.3216,1.25359,0.354,-250.583643
CCNCC#N,6,0,4.2405,15.53869,1.41482,1.33271,0.2706,-266.616319
CCOCC#C,6,0,1.2818,15.41191,1.48321,1.38825,0.2893,-270.386138
CCOCC#N,6,0,4.5806,15.60527,1.49376,1.39916,0.2934,-286.492223
COCCC#C,6,0,1.0683,17.75615,1.40782,1.33715,0.3131,-270.387395
COCCC#N,6,0,3.7667,18.36601,1.41178,1.34418,0.3075,-286.495416
C#CCCCO,6,0,1.8394,16.26187,1.32932,1.25757,0.3158,-270.393902
C(CC#N)CO,6,0,4.9959,16.69433,1.33442,1.26475,0.3174,-286.502445
CCCCC=O,6,0,2.8209,14.90738,1.23565,1.20615,0.2292,-271.652242
CCCNC=O,6,0,3.6925,9.17284,1.64437,1.5162,0.2832,-287.724713
CCCOC=O,6,0,4.1439,15.46437,1.39898,1.37994,0.2866,-307.596472
CCOCC=O,6,0,2.899,18.93096,1.35129,1.29188,0.2294,-307.567279
COCCC=O,6,0,2.8428,18.07094,1.30977,1.28212,0.2285,-307.563525
C(CC=O)CO,6,0,3.2791,16.56594,1.24175,1.21031,0.2303,-307.571937
C(CO)NC=O,6,0,4.0088,10.82745,1.75781,1.61458,0.2828,-323.647099
OCCOC=N,6,0,3.0286,10.28968,1.73795,1.57616,0.2847,-323.61489
C(COC=O)O,6,0,3.2052,7.43799,2.17321,1.82085,0.2843,-343.517848
CCCCCC,6,0,0.0,14.60008,1.12793,1.08923,0.3957,-236.917873
CCCCCO,6,0,1.3185,15.80144,1.13541,1.09517,0.3427,-272.837907
CCCCOC,6,0,1.0198,16.48602,1.20376,1.16243,0.3409,-272.83072
CCCOCC,6,0,0.8667,15.76768,1.26349,1.21402,0.3409,-272.836211
CCOCCO,6,0,2.2344,8.61403,1.65582,1.48653,0.3431,-308.759185
COCCCO,6,0,2.365,18.03364,1.21229,1.16922,0.3295,-308.749822
COCCOC,6,0,0.0023,19.04993,1.28796,1.24432,0.336,-308.741915
C(CCO)CO,6,0,0.0002,17.20216,1.14331,1.10143,0.3388,-308.757991
C#CC1CCC1,6,0,0.7819,9.7394,2.33341,2.0649,0.3045,-233.25376
C#CC1CCO1,6,0,1.8509,9.56893,2.53695,2.27029,0.274,-269.170508
C#CC1COC1,6,0,1.2731,10.17573,2.39853,2.15322,0.2907,-269.170061
C1CC(C1)C#N,6,0,4.1766,9.7226,2.37649,2.09674,0.3367,-249.362379
N#CC1CCN1,6,0,3.0536,8.19482,2.68797,2.48393,0.267,-265.398572
N#CC1CCO1,6,0,4.2848,9.33153,2.61233,2.34471,0.2783,-285.275928
C1C(CO1)C#N,6,0,2.742,10.16978,2.44557,2.18948,0.2867,-285.276468
C1CC(C1)C=O,6,0,2.8867,9.64201,2.2122,1.97612,0.2229,-270.431243
O=CC1CCO1,6,0,2.8301,9.75537,2.43167,2.1475,0.2129,-306.349558
C1C(CO1)C=O,6,0,1.1864,9.92569,2.31264,2.09564,0.2215,-306.347185
C1CN(C1)C=O,6,0,4.2072,9.72204,2.56437,2.11019,0.2661,-286.498779
CN=C1CCO1,6,0,2.0739,9.86113,2.62587,2.15831,0.28,-286.484121
CCC1CCC1,6,0,0.0792,7.95497,2.17512,1.87197,0.3752,-235.696227
CCC1CCO1,6,0,1.6234,8.13109,2.39776,2.05141,0.3276,-271.620156
CCC1COC1,6,0,1.9413,8.33933,2.2348,1.94718,0.3194,-271.614305
COC1CCC1,6,0,1.0403,8.62281,2.36504,2.02665,0.3316,-271.612772
COC1COC1,6,0,2.1966,9.2142,2.40798,2.08586,0.3167,-307.528446
C1CC(C1)CO,6,0,1.2955,8.32944,2.22945,1.91437,0.3388,-271.616401
OCC1CCO1,6,0,2.5785,8.09856,2.57394,2.18192,0.3174,-307.541973
C1C(CO1)CO,6,0,2.2789,8.4595,2.35385,2.05709,0.3118,-307.534482
C#CCC1CC1,6,0,0.6877,10.85908,1.95333,1.7863,0.314,-233.249538
C#CCC1CO1,6,0,1.9719,12.11067,1.99826,1.83642,0.3095,-269.170665
C#CCN1CC1,6,0,0.8803,7.39757,2.68675,2.36455,0.2771,-249.281074
C1CC1CC#N,6,0,4.0027,10.97625,1.97735,1.8089,0.3375,-249.358446
N#CCC1CN1,6,0,4.3345,11.47792,2.02229,1.84983,0.2878,-265.396194
N#CCC1CO1,6,0,4.8091,12.33614,2.01791,1.85819,0.3149,-285.2779
C1CN1CC#N,6,0,4.358,11.77386,2.11484,1.92267,0.281,-265.386781
N=COC1CC1,6,0,3.3988,12.91115,1.97178,1.85558,0.2799,-286.46722
C1CC1CC=O,6,0,2.7826,11.9149,1.76899,1.6621,0.2258,-270.427802
O=CCC1CN1,6,0,2.6802,10.19911,1.95836,1.83171,0.2221,-286.466852
O=CCC1CO1,6,0,2.8138,13.22277,1.83311,1.72507,0.2249,-306.349032
C1CN1CC=O,6,0,2.6644,12.0259,1.88839,1.78884,0.2245,-286.459793
C1CC1NC=O,6,0,3.5897,9.03104,2.42288,2.07708,0.2757,-286.498633
C1CC1OC=O,6,0,3.9549,13.07302,1.97457,1.86172,0.2785,-306.370119
CC#CC1CC1,6,0,0.1421,13.64625,1.58265,1.55333,0.2837,-233.262752
CC#CC1CN1,6,0,1.9282,14.44522,1.59752,1.57509,0.2698,-249.301818
CC#CC1CO1,6,0,2.024,15.66421,1.58647,1.56432,0.276,-269.180682
CCCC1CC1,6,0,0.1174,10.46011,1.59727,1.52425,0.3661,-235.693825
CCCC1CO1,6,0,1.6966,11.41382,1.64753,1.57691,0.3582,-271.616723
CCCN1CC1,6,0,1.0196,11.0212,1.70786,1.62134,0.3227,-251.727632
CCOC1CC1,6,0,0.9952,10.98354,1.8194,1.73248,0.3376,-271.611192
COCC1CC1,6,0,0.9417,11.38234,1.74877,1.65851,0.3419,-271.606364
COCC1CN1,6,0,2.561,11.96296,1.78051,1.69355,0.3228,-287.645651
COCC1CO1,6,0,2.483,12.94847,1.75438,1.68147,0.3412,-307.526911
C1CC1CCO,6,0,1.392,11.05396,1.62236,1.54412,0.3424,-271.61389
OCCC1CO1,6,0,1.0902,12.16882,1.6735,1.59554,0.343,-307.536544
C1CN1CCO,6,0,2.7069,8.50794,2.06188,2.01331,0.333,-287.651399
CC1CC1C#C,6,0,0.8753,6.06795,2.83481,2.21906,0.2907,-233.255379
CC1CC1C#N,6,0,4.1979,6.09231,2.90988,2.26761,0.3174,-249.363949
CC1NC1C#C,6,0,1.6946,6.43371,2.81399,2.21821,0.2832,-249.294409
CC1NC1C#N,6,0,4.7574,6.46428,2.88269,2.26314,0.2936,-265.401151
CC1OC1C#C,6,0,1.7653,6.69318,2.83589,2.25456,0.281,-269.176979
CC1OC1C#N,6,0,3.7031,6.69577,2.91901,2.30451,0.2951,-285.281493
CN1CC1C#C,6,0,0.9125,6.6252,2.92578,2.32381,0.2631,-249.285024
CN1CC1C#N,6,0,3.0219,6.63385,3.00975,2.37975,0.2692,-265.391486
OC1CC1C#C,6,0,1.2269,6.3441,3.06012,2.36016,0.2864,-269.177232
OC1CC1C#N,6,0,4.0674,6.56461,2.98095,2.34689,0.3029,-285.284456
CC1CC1C=O,6,0,3.3091,6.66589,2.4248,2.01739,0.2288,-270.434394
CC1CN1C=O,6,0,3.6028,6.88653,2.7336,2.31906,0.2544,-286.48657
CC1NC1C=O,6,0,3.196,6.92044,2.46124,2.05055,0.222,-286.474509
CC1OC1C=O,6,0,3.1275,5.82523,3.24687,2.56193,0.2169,-306.353871
CN1CC1C=O,6,0,1.4054,5.71808,3.36103,2.64621,0.1969,-286.46347
OC1CC1C=O,6,0,4.3878,7.11842,2.52096,2.1016,0.2289,-306.355655
CC1CC1CO,6,0,1.3825,6.93163,2.19523,1.89616,0.3366,-271.614051
CC1NC1CO,6,0,2.3104,7.16614,2.26831,2.01306,0.3186,-287.660591
CC1OC1CO,6,0,2.0793,7.62733,2.2553,2.01567,0.3423,-307.54321
CCC1CC1C,6,0,0.117,6.69746,2.14548,1.86009,0.357,-235.694798
CCC1CC1O,6,0,1.2983,6.86289,2.25726,1.95048,0.3338,-271.617434
CCC1CN1C,6,0,1.2559,5.66502,2.6546,2.10535,0.3065,-251.726162
CCC1OC1C,6,0,1.7551,7.38907,2.19903,1.96031,0.3538,-271.622821
CCN1CC1C,6,0,1.1836,7.05136,2.30446,1.97525,0.3128,-251.729571
CN1CC1CO,6,0,2.1379,7.39312,2.28821,1.96985,0.2927,-287.644079
COC1CC1C,6,0,0.9946,6.71147,2.48794,2.11039,0.3346,-271.608843
COC1CC1O,6,0,1.6821,5.89878,3.01749,2.33352,0.3028,-307.529289
OCC1CC1O,6,0,1.0353,7.09242,2.32143,1.99737,0.329,-307.536915
CC(=O)C1CC1,6,0,2.6757,7.20671,2.61755,2.28942,0.2339,-270.446608
CC(=O)C1CN1,6,0,2.4621,7.41334,2.70699,2.32818,0.2334,-286.486509
CC(=O)C1CO1,6,0,2.0825,6.85154,2.84394,2.33507,0.224,-306.361448
CC(=O)N1CC1,6,0,3.0813,6.6552,3.12376,2.30532,0.253,-286.492357
C1CC1C(=O)N,6,0,3.4477,7.46591,2.71457,2.35807,0.2784,-286.517424
NC(=O)C1CN1,6,0,3.5751,7.71528,2.80429,2.40124,0.2697,-302.557878
NC(=O)C1CO1,6,0,2.4867,7.51963,2.90459,2.40633,0.2627,-322.435505
C1CN1C(=O)N,6,0,3.0016,7.06864,3.21566,2.41699,0.2831,-302.558699
CC(C)C1CC1,6,0,0.0271,5.6833,2.57368,1.96324,0.3665,-235.695309
CC(C)C1CO1,6,0,1.7161,5.81881,2.78085,2.29593,0.3501,-271.61643
CC(C)N1CC1,6,0,1.0303,5.80625,2.85249,2.11206,0.3196,-251.731545
CC(O)C1CC1,6,0,1.5102,6.01713,2.59419,2.00512,0.3376,-271.619912
CC(O)C1CN1,6,0,2.731,6.30735,2.76922,2.37269,0.2983,-287.661454
CC(O)C1CO1,6,0,1.5413,6.45091,2.82383,2.41929,0.351,-307.545457
C1CC2(C1)CC2,6,0,0.1291,7.19567,2.94512,2.66214,0.3562,-234.472577
C1CC12CCO2,6,0,1.6374,7.74808,3.11668,2.80799,0.3051,-270.394284
C1CC12COC2,6,0,1.8251,7.87479,2.95258,2.68219,0.3106,-270.389803
C1C2(N1)COC2,6,0,1.9279,8.1915,3.01004,2.71509,0.3037,-286.43116
C1CC2(C1)CO2,6,0,1.8101,7.69236,3.03473,2.71562,0.3343,-270.399529
C1C2(CO1)CO2,6,0,1.7363,8.47292,3.05155,2.7368,0.3209,-306.313924
C1C2CC1C=C2,6,0,0.1535,5.83369,4.67863,4.29188,0.2404,-233.260156
C1C2OC1C=C2,6,0,1.7949,6.23406,4.83811,4.45696,0.2354,-269.175627
C1C2CC1CC2,6,0,0.047,5.27135,4.42599,3.97117,0.3879,-234.491176
C1C2CC1OC2,6,0,1.6503,5.60754,4.61367,4.23469,0.3339,-270.407057
C1C2CCC1O2,6,0,1.6655,5.58407,4.58758,4.13652,0.335,-270.411205
CC1C2CC1C2,6,0,0.1283,6.86385,3.29296,3.06483,0.3939,-234.447743
CC1C2CC1O2,6,0,1.993,7.23422,3.33967,3.08029,0.3232,-270.359564
OC1C2CC1C2,6,0,1.4563,7.03621,3.45239,3.19279,0.3278,-270.375081
OC1C2CC1O2,6,0,1.8437,7.4502,3.53716,3.25337,0.3019,-306.286325
C1COCC=C1,6,0,1.1836,5.08056,4.85085,2.70226,0.2671,-270.435807
C1CCC=CC1,6,0,0.2447,4.72529,4.53743,2.54778,0.268,-234.520624
C1CN=COC1,6,0,2.2186,5.24143,5.03103,2.79755,0.2732,-286.504546
C1CCCCC1,6,0,0.0,4.29007,4.28816,2.44709,0.3783,-235.729507
C1CCOCC1,6,0,1.3202,4.66273,4.48592,2.58971,0.3324,-271.646263
C1COCCO1,6,0,0.0,5.07767,4.68874,2.73815,0.3304,-307.560718
C1COCOC1,6,0,1.8428,4.99775,4.8056,2.7505,0.3513,-307.568767
C1CC2CCC12,6,0,0.1319,6.13317,3.90634,3.01538,0.3476,-234.470922
C1CC2OCC12,6,0,1.7554,6.56573,4.1169,3.18137,0.3159,-270.393737
C1OC2COC12,6,0,1.2594,7.05665,4.31839,3.33279,0.3068,-306.313133
CC1C2CCC12,6,0,0.1799,5.91086,3.28043,3.20017,0.3413,-234.469383
CC1C2COC12,6,0,1.6332,6.35478,3.46444,3.31917,0.3148,-270.384937
OC1C2CCC12,6,0,1.3959,6.04615,3.50039,3.42472,0.3221,-270.394458
OC1C2COC12,6,0,1.6786,6.48448,3.75961,3.55888,0.2971,-306.308471
C1C2CC=CC12,6,0,0.2073,6.33505,4.50061,3.19825,0.2495,-233.293627
C1C2OC=NC12,6,0,1.5227,7.07853,5.03226,3.55918,0.2608,-285.279992
C1C=CC2NC12,6,0,1.4999,6.50302,4.64374,3.2459,0.247,-249.332005
C1C=CC2OC12,6,0,1.8478,6.57145,4.78438,3.30569,0.2477,-269.215705
C1C2CCCC12,6,0,0.1741,5.54659,4.21741,3.10185,0.3524,-234.503085
C1C2CCOC12,6,0,1.3987,5.9367,4.46406,3.25447,0.3186,-270.417842
C1C2COCC12,6,0,1.5611,6.05816,4.41757,3.28824,0.3407,-270.422403
C1C2OCOC12,6,0,1.059,6.42281,4.72462,3.44212,0.3209,-306.33485
C1CC2OC2C1,6,0,1.8302,5.709,4.53256,3.23119,0.3533,-270.430832
C1OCC2NC12,6,0,2.8893,6.23318,4.54157,3.29214,0.3149,-286.460642
C1OCC2OC12,6,0,2.2543,6.30588,4.67992,3.35105,0.3521,-306.344083
N=C1OC2CC12,6,0,2.6904,8.93185,3.58847,2.97765,0.2804,-285.255563
O=C1CC2CC12,6,0,3.2426,7.92922,3.48635,2.82936,0.2329,-269.221561
O=C1CC2CN12,6,0,3.8131,7.87898,3.80242,3.00635,0.2378,-285.267165
O=C1CC2NC12,6,0,3.691,8.20591,3.53643,2.86085,0.2224,-285.253877
O=C1CC2OC12,6,0,2.7712,8.31088,3.61027,2.9094,0.2179,-305.134491
O=C1CN2CC12,6,0,2.1794,8.52805,3.52052,2.89772,0.225,-285.25588
O=C1NC2CC12,6,0,3.7175,8.48055,3.58211,2.96781,0.2561,-285.279236
O=C1OC2CC12,6,0,4.1654,9.08323,3.62121,3.02005,0.2794,-305.159206
CC1CC2CC12,6,0,0.2782,6.26967,3.38781,2.82139,0.3435,-234.470813
CC1CC2OC12,6,0,1.8181,6.51241,3.58887,2.9665,0.3397,-270.394309
CC1OC2CC12,6,0,1.6252,6.83781,3.52199,3.0011,0.3204,-270.389386
OC1CC2CC12,6,0,1.4055,6.44379,3.58724,2.94944,0.3269,-270.396464
OC1CC2NC12,6,0,2.6703,6.47529,3.78861,3.09072,0.3133,-286.438448
OC1CC2OC12,6,0,1.9201,6.64811,3.82504,3.12955,0.3294,-306.320451
OC1CN2CC12,6,0,1.7907,6.88853,3.57139,3.00581,0.2971,-286.432515
C1C2C3CC2C13,6,0,0.0,8.06963,4.05535,4.05535,0.3958,-233.217482
C1C2C3CN2C13,6,0,1.6815,8.31313,4.25097,4.22223,0.324,-249.24868
C1C2C3OC2C13,6,0,1.8496,8.56689,4.1967,4.11734,0.3099,-269.12958
N1C2C3NC2C13,6,0,1.5668,8.63601,4.17475,4.17436,0.2876,-265.283843
N1C2C3OC2C13,6,0,1.4437,8.8663,4.23287,4.1998,0.2929,-285.160699
O1C2C3OC2C13,6,0,0.0,9.10592,4.2604,4.2604,0.2942,-305.036659
C1CC1C2CC2,6,0,0.0,9.20498,2.24291,2.01331,0.3399,-234.469389
C1CC1C1CO1,6,0,1.8416,10.07023,2.28283,2.06299,0.3534,-270.392715
C1CC1N2CC2,6,0,1.0782,8.24798,2.66153,2.59489,0.3114,-250.500016
C1NC1C1CN1,6,0,2.8886,8.59504,2.64585,2.63113,0.3032,-266.553159
C1NC1C1CO1,6,0,2.6444,10.64531,2.29727,2.08154,0.3238,-286.432042
C1OC1C1CO1,6,0,1.903,8.58988,2.85701,2.76639,0.3373,-306.31359
C1C2C1C1CC21,6,0,0.339,7.4064,3.88262,3.77802,0.2941,-233.219124
C1C2C1C1NC21,6,0,1.6601,7.5551,4.04959,3.93446,0.2857,-249.25941
C1C2C1C1OC21,6,0,1.8604,7.66602,4.16292,4.02296,0.2952,-269.144656
C1C2C1N1CC21,6,0,1.5349,7.69936,4.03933,3.91927,0.2917,-249.257629
N1C2C1C1NC21,6,0,2.8506,7.83461,4.13288,3.97847,0.2717,-265.289023
N1C2C1C1OC21,6,0,3.3094,7.96507,4.25305,4.06914,0.2785,-285.174014
O1C2C1C1OC21,6,0,3.1711,8.11323,4.36927,4.15208,0.2955,-305.057353
C1C2C3C1CN23,6,0,1.7558,6.1754,5.44278,4.33078,0.3294,-249.280474
C1C2C3CC1C23,6,0,0.2808,5.97304,5.2497,4.16578,0.3515,-233.24225
C1C2C3CC1N23,6,0,1.6922,6.30002,5.36887,4.24885,0.3314,-249.292101
C1C2C3CN1C23,6,0,1.6597,6.18567,5.559,4.35023,0.3121,-249.269471
C1C2C3OC1C23,6,0,1.7566,6.29327,5.52309,4.39133,0.3137,-269.154939
C12C3C1C1C2C31,6,0,0.0001,6.96309,5.38545,5.38524,0.3092,-231.975652
C12C3C1N1C2C31,6,0,1.9051,7.20593,5.64602,5.53085,0.2821,-248.018573
c1ccnnc1,6,0,3.9853,6.27422,5.98676,3.06356,0.1826,-264.226909
c1cnnnc1,6,0,4.753,6.37607,6.29157,3.16677,0.186,-280.24835
c1nncnn1,6,0,0.0004,6.85315,6.3438,3.29432,0.1355,-296.285473
c1ncnnn1,6,0,2.5272,6.76114,6.45723,3.30285,0.1627,-296.296482
c1cnnnn1,6,0,4.38,6.64966,6.41692,3.26561,0.166,-296.265627
Cc1ccn[nH]1,6,0,2.6766,9.07138,3.47643,2.55327,0.2577,-265.44066
Cc1ccno1,6,0,3.1194,9.28026,3.56436,2.61716,0.2456,-285.293918
Cc1cnn[nH]1,6,0,4.8091,9.49204,3.5053,2.60151,0.2527,-281.476832
Cc1cnno1,6,0,4.0664,9.75353,3.57369,2.65866,0.2351,-301.335636
Cc1c[nH]nc1,6,0,2.2444,9.10398,3.38084,2.50355,0.2601,-265.437885
Cc1c[nH]nn1,6,0,4.1169,9.39394,3.54635,2.61617,0.2526,-281.476938
Cc1cnoc1,6,0,3.2522,9.1962,3.39821,2.5201,0.247,-285.288405
Cc1conn1,6,0,3.6981,9.36373,3.56633,2.62477,0.2326,-301.332569
Cc1[nH]ncn1,6,0,3.1055,9.44739,3.63796,2.67033,0.2675,-281.505078
Cc1ncno1,6,0,1.8949,9.67338,3.72795,2.73673,0.2639,-301.359287
Cc1cc[nH]n1,6,0,1.9119,8.97305,3.51644,2.56659,0.2689,-265.440996
Cc1nc[nH]n1,6,0,2.3091,9.32124,3.6878,2.68634,0.27,-281.504745
Cc1cn[nH]n1,6,0,0.5006,9.45338,3.55163,2.62373,0.2596,-281.482952
Cc1n[nH]nn1,6,0,2.0655,9.77353,3.71834,2.73933,0.264,-297.52358
Cc1ccon1,6,0,2.8649,9.19708,3.52282,2.58813,0.2566,-285.292217
Cc1ncon1,6,0,1.0701,9.57415,3.68605,2.7061,0.2687,-301.357553
Cc1cnon1,6,0,3.7027,9.49364,3.55271,2.6275,0.26,-301.316399
Cc1nnon1,6,0,2.7404,9.72565,3.72581,2.7397,0.25,-317.361117
Cn1cccn1,6,0,2.2871,9.0053,3.72959,2.68228,0.2625,-265.433051
Cn1ccnn1,6,0,4.458,9.46656,3.76303,2.73947,0.2591,-281.469893
Cn1cncn1,6,0,3.1995,9.51162,3.77655,2.75015,0.2716,-281.495234
Cn1cnnc1,6,0,5.9568,9.5155,3.65372,2.68514,0.2659,-281.482892
Cn1cnnn1,6,0,5.7041,9.84085,3.80249,2.79136,0.2678,-297.510804
Cn1nccn1,6,0,0.4905,9.28884,3.90083,2.79631,0.2577,-281.476967
Cn1ncnn1,6,0,2.7916,9.81413,3.92888,2.85647,0.2662,-297.516418
Cn1nnnn1,6,0,4.7538,10.19566,3.95813,2.90382,0.2723,-313.537245
N=C1NC=NO1,6,0,3.3378,9.50387,3.97742,2.80395,0.2287,-317.396153
N=C1NN=NN1,6,0,1.4387,9.82355,3.90975,2.79668,0.2045,-313.554802
N=C1OC=NO1,6,0,1.7372,9.71668,4.11648,2.8915,0.2413,-337.265273
N=C1ON=NO1,6,0,1.3883,10.15434,4.1248,2.93327,0.2189,-353.269456
c1cn[nH]c1N,6,0,3.385,9.26884,3.6096,2.61073,0.244,-281.48553
c1cnoc1N,6,0,3.8286,9.47028,3.73148,2.68299,0.2307,-301.343578
c1c([nH]nn1)N,6,0,5.383,9.71187,3.64488,2.66238,0.236,-297.520999
c1c(onn1)N,6,0,5.0217,9.94981,3.71927,2.71196,0.2167,-317.386479
c1c(cn[nH]1)N,6,0,2.6547,9.31893,3.50517,2.55541,0.2257,-281.480583
c1c(nn[nH]1)N,6,0,4.0185,9.64217,3.69719,2.68224,0.217,-297.523583
c1c(con1)N,6,0,3.9291,9.42742,3.52572,2.57455,0.2138,-301.330754
c1c(nno1)N,6,0,4.0976,9.69666,3.72109,2.69764,0.1965,-317.377404
c1nc([nH]n1)N,6,0,3.6291,9.66876,3.80816,2.74184,0.255,-297.554699
c1nc(on1)N,6,0,3.0643,9.86886,3.93452,2.81731,0.249,-317.41389
c1c[nH]nc1N,6,0,1.7832,9.17106,3.66535,2.6282,0.2353,-281.489179
c1[nH]nc(n1)N,6,0,1.9435,9.53874,3.86975,2.76025,0.2332,-297.555801
c1c(n[nH]n1)N,6,0,1.525,9.67915,3.70809,2.6898,0.2241,-297.530335
c1(n[nH]nn1)N,6,0,2.3205,10.01649,3.90958,2.81885,0.2194,-313.573888
c1conc1N,6,0,3.1792,9.39312,3.67878,2.65177,0.2357,-301.341304
c1nc(no1)N,6,0,1.8006,9.79231,3.875,2.78226,0.2309,-317.409527
c1c(non1)N,6,0,4.3899,9.71106,3.71523,2.69493,0.2173,-317.364547
c1(nnon1)N,6,0,3.6429,10.00708,3.92257,2.82346,0.2038,-333.411326
c1[nH]c(=O)[nH]n1,6,0,2.7251,9.51486,3.93819,2.78534,0.2421,-317.447668
c1[nH]c(=O)on1,6,0,5.0233,9.67134,4.03934,2.8493,0.2527,-337.302324
c1(=O)[nH]nn[nH]1,6,0,0.3207,9.9632,3.97553,2.84165,0.2325,-333.464063
c1(=O)[nH]nno1,6,0,2.925,10.15858,4.07493,2.90831,0.2397,-353.321142
c1noc(=O)o1,6,0,3.3641,9.89124,4.17925,2.93792,0.2672,-357.171724
c1(=O)onno1,6,0,1.0079,10.34972,4.18995,2.98252,0.2469,-373.17391
c1cn[nH]c1O,6,0,2.8587,9.38962,3.68604,2.64694,0.258,-301.36359
c1c(cn[nH]1)O,6,0,0.8594,9.42952,3.56336,2.58609,0.2369,-301.357437
c1c(nn[nH]1)O,6,0,2.8417,9.78282,3.77389,2.72332,0.2284,-317.402836
c1nc([nH]n1)O,6,0,2.1239,9.81968,3.89319,2.78789,0.2703,-317.434422
c1c[nH]nc1O,6,0,2.1199,9.29881,3.73993,2.6672,0.2478,-301.369263
c1[nH]nc(n1)O,6,0,2.8755,9.69787,3.94239,2.80294,0.2475,-317.433049
c1c(n[nH]n1)O,6,0,1.2703,9.81669,3.7809,2.7296,0.2377,-317.408548
c1(n[nH]nn1)O,6,0,0.8171,10.18544,3.98278,2.8632,0.2378,-333.449362
c1conc1O,6,0,1.6519,9.52134,3.75318,2.69202,0.2518,-321.219665
c1nc(no1)O,6,0,2.7179,9.95029,3.94579,2.82538,0.2469,-337.28389
c1(nnon1)O,6,0,2.5588,10.15061,3.99473,2.86659,0.2227,-353.283458
C#CC(F)(F)F,6,0,2.0892,5.69142,2.88373,2.88354,0.3188,-414.351653
C(#N)C(F)(F)F,6,0,1.5146,5.68671,2.9472,2.94705,0.3587,-430.448052
C(=O)C(F)(F)F,6,0,1.5527,5.47818,2.98206,2.92952,0.2243,-451.528971
C(C(F)(F)F)N,6,0,2.7647,5.28606,2.80689,2.77246,0.3268,-432.85289
C(C(F)(F)F)O,6,0,3.0238,5.33241,2.85142,2.80545,0.3488,-452.728039
CCC(F)(F)F,6,0,2.0586,5.21686,2.75151,2.72562,0.4465,-416.814878
