rank,smiles,formula,heavy_atoms,mu_xtb,B,ml_score
1,CC(=O)N(C)C,C4H9NO,6,4.472,3.487,1.0
2,C#CC=C=O,C4H2O,5,1.522,2.833,0.999
3,C#CC=C=C=O,C5H2O,6,3.471,1.637,0.999
4,C=C=C=O,C3H2O,4,2.943,4.213,0.999
5,C=CC#CC=O,C5H4O,6,4.166,1.379,0.999
6,C=C=C=C=O,C4H2O,5,2.852,2.171,0.999
7,C#CC#CC=O,C5H2O,6,3.756,1.368,0.998
8,C#CC(=O)C#C,C5H2O,6,3.358,2.822,0.998
9,C#CC(=C)C#N,C5H3N,6,3.628,2.998,0.998
10,C=C=C=C=C=O,C5H2O,6,3.67,1.258,0.997
11,CN(C)C#N,C3H6N2,5,4.854,4.302,0.996
12,C#CC(N)=O,C3H3NO,5,4.333,4.186,0.996
13,C#CC(=O)N=C,C4H3NO,6,1.661,2.62,0.995
14,C#CC(=C)C#C,C6H4,6,0.16,2.791,0.992
15,C#CC#CC=C,C6H4,6,0.374,1.389,0.992
16,C#CCC#C,C5H4,5,0.722,2.921,0.99
17,CN(C)C=O,C3H7NO,5,4.596,4.243,0.99
18,C#CC(=N)C#C,C5H3N,6,2.255,2.932,0.989
19,C#CC#CC=N,C5H3N,6,2.583,1.424,0.989
20,N#CC=C=C=O,C4HNO,6,2.687,1.81,0.988
21,C#CC(=O)O,C3H2O2,5,1.951,4.17,0.986
22,C#CC=CN,C4H5N,5,2.479,2.36,0.986
23,C=CC#CN,C4H5N,5,1.829,2.216,0.986
24,C#CC(=C)N,C4H5N,5,1.617,4.175,0.986
25,C#CO,C2H2O,3,1.864,9.831,0.986
26,C#CC#CO,C4H2O,5,2.106,2.107,0.986
27,N#CC=C=O,C3HNO,5,3.371,2.889,0.984
28,CN(C)CC#N,C4H8N2,6,4.145,2.236,0.984
29,C#CC=C=N,C4H3N,5,1.626,2.682,0.983
30,C#CN=C=O,C3HNO,5,1.932,2.464,0.982
31,C#CN=CN,C3H4N2,5,3.8,3.715,0.982
32,N#CC#CC=O,C4HNO,6,2.528,1.377,0.982
33,C#CC(=O)C#N,C4HNO,6,3.523,3.14,0.982
34,N#CC#CN,C3H2N2,5,6.582,2.147,0.981
35,N#CC#CC=N,C4H2N2,6,1.94,1.42,0.981
36,C#CC(=N)C#N,C4H2N2,6,4.426,3.004,0.981
37,C#CC(=O)N=O,C3HNO2,6,3.139,4.017,0.98
38,C#CC#CN,C4H3N,5,2.564,2.106,0.979
39,C#CN,C2H3N,3,1.823,9.474,0.979
40,C=NC#CC=O,C4H3NO,6,3.468,1.464,0.979
41,NC=C=C=O,C3H3NO,5,5.955,2.435,0.978
42,C#CC(C)=C=O,C5H4O,6,1.887,2.862,0.978
43,CC#CC=C=O,C5H4O,6,2.054,1.458,0.978
44,C#CN=CO,C3H3NO,5,1.513,3.681,0.975
45,C#COC#C,C4H2O,5,0.664,3.09,0.975
46,C#CC=C=C=C,C6H4,6,0.351,1.586,0.975
47,C#CN=C=C=O,C4HNO,6,2.542,1.659,0.974
48,C#COC#N,C3HNO,5,3.528,3.112,0.974
49,C#CC=C=C=N,C5H3N,6,1.964,1.683,0.974
50,C=C=C=N,C3H3N,4,1.725,4.165,0.974
