heavy_atoms,rank_in_stratum,smiles,formula,mu_xtb,B,ml_score
3,1,C#CO,C2H2O,1.864,9.831,0.986
3,2,C#CN,C2H3N,1.823,9.474,0.979
3,3,CON,CH5NO,0.483,9.91,0.963
3,4,C=NN,CH4N2,2.014,11.433,0.948
3,5,N=CO,CH3NO,0.443,11.791,0.943
4,1,C=C=C=O,C3H2O,2.943,4.213,0.999
4,2,C=C=C=N,C3H3N,1.725,4.165,0.974
4,3,CC=C=O,C3H4O,2.306,4.497,0.97
4,4,C=C=CN,C3H5N,1.447,4.357,0.965
4,5,C=NC#N,C2H2N2,4.492,5.217,0.965
5,1,C#CC=C=O,C4H2O,1.522,2.833,0.999
5,2,C=C=C=C=O,C4H2O,2.852,2.171,0.999
5,3,CN(C)C#N,C3H6N2,4.853,4.302,0.996
5,4,C#CC(N)=O,C3H3NO,4.333,4.186,0.996
5,5,C#CCC#C,C5H4,0.722,2.921,0.991
6,1,CC(=O)N(C)C,C4H9NO,4.472,3.487,1.0
6,2,C#CC=C=C=O,C5H2O,3.471,1.637,0.999
6,3,C=CC#CC=O,C5H4O,4.166,1.379,0.999
6,4,C#CC(=O)C#C,C5H2O,3.358,2.822,0.998
6,5,C#CC#CC=O,C5H2O,3.756,1.368,0.998
