,smiles,heavy_atoms,mu_xtb,mu_cal,mu_lo,mu_hi,A,B,C,Qrot,ml_score,E_per_atom
1,CC(=O)N(C)C,6,4.4715,3.5806,2.9746,4.1866,4.9368,3.4872,2.1269,881.0288,1.0,-36.561
2,C#CC=C=O,5,1.5217,1.0858,0.6073,1.5643,27.2736,2.8329,2.5664,378.5908,0.9994,-52.6003
3,C#CC=C=C=O,6,3.4711,2.8918,2.2857,3.4978,17.1647,1.6368,1.4943,822.758,0.9992,-53.166
4,C=C=C=O,4,2.943,2.9847,2.2598,3.7095,295.5861,4.2132,4.154,74.1206,0.9992,-51.7412
5,C=CC#CC=O,6,4.1662,3.5902,2.9842,4.1963,29.2818,1.3792,1.3172,730.9344,0.9988,-45.394
6,C=C=C=C=O,5,2.8523,2.8694,2.3909,3.3479,297.5389,2.1707,2.155,142.8944,0.9986,-52.6135
7,C#CC#CC=O,6,3.7559,3.3587,2.7527,3.9647,50.6561,1.3681,1.3321,554.8393,0.9983,-53.1315
8,C#CC(=O)C#C,6,3.3585,3.3907,2.7847,3.9968,6.9652,2.8223,2.0085,848.4298,0.9983,-53.1041
9,C#CC(=C)C#N,6,3.6282,3.3002,2.6942,3.9063,6.2672,2.9985,2.0282,863.5229,0.9977,-45.3698
10,C=C=C=C=C=O,6,3.67,2.8579,2.2518,3.4639,296.4289,1.2575,1.2522,246.7609,0.9969,-53.1878
11,CN(C)C#N,5,4.8535,3.5941,3.1156,4.0725,9.0805,4.3022,3.0546,488.0222,0.9963,-37.8287
12,C#CC(N)=O,5,4.3333,3.889,3.4106,4.3675,11.5318,4.1862,3.0713,437.8285,0.9958,-50.5401
13,C#CC(=O)N=C,6,1.661,1.5336,0.9276,2.1397,9.2737,2.6205,2.0432,756.5622,0.9951,-51.254
14,C#CC(=C)C#C,6,0.1596,0.1104,-0.4956,0.7165,6.7098,2.7908,1.971,877.5301,0.9921,-40.0132
15,C#CC#CC=C,6,0.3738,0.117,-0.489,0.723,39.3099,1.389,1.3416,622.8623,0.9921,-40.0378
16,C#CCC#C,5,0.7219,0.5893,0.1108,1.0678,19.2082,2.9208,2.5765,443.4159,0.9905,-38.0648
17,CN(C)C=O,5,4.5955,3.7099,3.2314,4.1884,9.1824,4.2434,3.0127,492.0416,0.9905,-38.5117
18,C#CC(=N)C#C,6,2.2553,2.1877,1.5816,2.7937,6.4803,2.9318,2.0186,860.8514,0.9891,-45.2614
19,C#CC#CC=N,6,2.5832,3.0101,2.4041,3.6161,36.5857,1.4235,1.3701,631.1121,0.9891,-45.2904
20,N#CC=C=C=O,6,2.6868,2.9735,2.3674,3.5795,14.0094,1.81,1.6029,836.2278,0.9879,-61.9109
21,C#CC(=O)O,5,1.9512,2.2069,1.7285,2.6854,12.2173,4.1697,3.1087,423.6316,0.9865,-60.2363
22,C#CC=CN,5,2.4792,2.4346,1.9561,2.9131,41.2793,2.3601,2.2365,361.157,0.9863,-37.898
23,C=CC#CN,5,1.829,1.853,1.3745,2.3315,36.5128,2.2161,2.1141,407.5994,0.9863,-37.8863
24,C#CC(=C)N,5,1.6166,1.6548,1.1763,2.1333,10.2252,4.175,2.9707,473.4002,0.9863,-37.8898
25,C#CO,3,1.8641,1.7025,,,671.7345,9.8307,9.6889,21.0761,0.986,-50.4971
26,C#CC#CO,5,2.1061,1.6364,1.1579,2.1149,684.2874,2.1069,2.1004,96.8789,0.9856,-52.4832
27,N#CC=C=O,5,3.3711,3.084,2.6055,3.5624,29.0306,2.8886,2.6272,359.1762,0.9842,-62.7522
28,CN(C)CC#N,6,4.1454,3.9567,3.3507,4.5628,8.194,2.2363,1.8786,908.6351,0.9837,-35.8365
29,C#CC=C=N,5,1.6262,1.3695,0.891,1.848,31.2203,2.6818,2.4874,369.4202,0.9831,-43.7925
30,C#CN=C=O,5,1.9319,1.704,1.2255,2.1824,278.1231,2.4643,2.4427,130.2935,0.9825,-62.85
31,C#CN=CN,5,3.7995,3.645,3.1665,4.1235,14.8937,3.7146,2.9738,415.6244,0.9824,-42.9809
32,N#CC#CC=O,6,2.5281,2.8079,2.2019,3.414,49.6748,1.3766,1.3395,557.0354,0.9819,-61.8603
33,C#CC(=O)C#N,6,3.5226,3.192,2.5859,3.798,6.1734,3.1403,2.0815,839.2364,0.9819,-61.8254
34,N#CC#CN,5,6.5824,5.0126,4.5341,5.491,307.1281,2.1474,2.1358,142.0444,0.9814,-51.1976
35,N#CC#CC=N,6,1.9403,2.0671,1.4611,2.6732,37.2096,1.4201,1.3679,627.0638,0.9813,-51.9593
36,C#CC(=N)C#N,6,4.4255,3.665,3.059,4.271,6.4819,3.0045,2.0529,843.1344,0.9813,-51.9263
37,C#CC(=O)N=O,6,3.1388,3.0907,2.4847,3.6968,5.0644,4.0169,2.2401,789.7195,0.9797,-69.0547
38,C#CC#CN,5,2.5637,3.0009,2.5225,3.4794,304.0946,2.1062,2.0955,145.5169,0.9793,-43.7613
39,C#CN,3,1.8228,2.0449,,,301.129,9.4739,9.2707,32.7809,0.9793,-39.1919
40,C=NC#CC=O,6,3.4683,3.055,2.449,3.6611,24.6564,1.4637,1.3817,754.9381,0.9788,-51.2552
41,NC=C=C=O,5,5.9547,5.0277,4.5492,5.5062,33.453,2.4346,2.2701,392.0734,0.9783,-50.5538
42,C#CC(C)=C=O,6,1.8871,1.5088,0.9027,2.1148,5.5482,2.8619,1.9104,967.945,0.9777,-45.4344
43,CC#CC=C=O,6,2.0539,1.6204,1.0144,2.2265,16.875,1.4584,1.3539,923.5657,0.9777,-45.461
44,C#CN=CO,5,1.5129,1.2038,0.7253,1.6822,15.5935,3.681,2.978,407.7598,0.9753,-50.5214
45,C#COC#C,5,0.6638,1.0211,0.5426,1.4995,30.2841,3.0895,2.8035,329.1717,0.975,-52.4282
46,C#CC=C=C=C,6,0.3512,0.117,-0.489,0.723,17.9975,1.5865,1.4582,826.1858,0.9746,-39.9987
47,C#CN=C=C=O,6,2.5421,2.8331,2.2271,3.4391,24.5965,1.6588,1.554,669.4971,0.9742,-61.7896
48,C#COC#N,5,3.5281,3.4161,2.9377,3.8946,34.7138,3.1115,2.8556,303.5539,0.9741,-62.5835
49,C#CC=C=C=N,6,1.964,1.8142,1.2082,2.4203,15.7747,1.6832,1.5209,838.9181,0.974,-45.2799
50,C=C=C=N,4,1.7248,1.4342,0.7094,2.159,206.3944,4.1652,4.0828,89.9857,0.974,-41.8118
